Место,Город,1989 г.,ПОД,Год ПОД,Место ПОД,Изм.,Республика,Нынешнее назв.,Запись
1,Москва,8967000,12506468,2018,1,0,Российская СФСР,Москва,Москва 8113 8967 111
2,Ленинград,5024000,5351935,2018,2,0,Российская СФСР,Санкт-Петербург,Ленинград 4588 5024 109
3,Киев,2588000,2934522,2018,3,0,Украинская ССР,Киев,Киев 2133 2588 121
4,Ташкент,2072000,2424100,2017,4,0,Узбекская ССР,Ташкент,Ташкент 1780 2072 116
5,Баку,1759000,2245800,2017,5,0,Азербайджанская ССР,Баку,Баку 1550 1759 114
6,Харьков,1610000,1450082,2018,10,-4,Украинская ССР,Харьков,Харьков 1444 1610 112
7,Минск,1589000,1982444,2018,6,1,Белорусская ССР,Минск,Минск 1262 1589 126
8,Горький,1438000,1264075,2017,11,-3,Российская СФСР,Нижний Новгород,Горький 1344 1438 107
9,Новосибирск,1437000,1602915,2017,8,1,Российская СФСР,Новосибирск,Новосибирск 1312 1437 109
10,Свердловск,1365000,1455904,2017,9,1,Российская СФСР,Екатеринбург,Свердловск 1211 1365 113
11,Тбилиси,1259692,1082400,2016,19,-8,Грузинская ССР,Тбилиси,Тбилиси 1066 1260 118
12,Куйбышев,1254000,1169719,2017,15,-3,Российская СФСР,Самара,Куйбышев 1206 1254 104
13,Ереван,1201500,1075100,2017,20,-7,Армянская ССР,Ереван,Ереван 1019 1202 118
14,Днепропетровск,1177897,1002944,2018,26,-12,Украинская ССР,Днепр,Днепропетровск 1066 1178 110
15,Омск,1149000,1178391,2017,14,1,Российская СФСР,Омск,Омск 1014 1148 113
16,Алма-Ата,1127884,1806833,2018,7,9,Казахская ССР,Алма-Ата,Алма-Ата 910 1128 124
17,Одесса,1115371,1010783,2017,25,-8,Украинская ССР,Одесса,Одесса 1046 1115 107
18,Донецк,1109102,945093,2017,29,-11,Украинская ССР,Донецк,Донецк 1021 1109 109
19,Челябинск,1107000,1198858,2017,13,6,Российская СФСР,Челябинск,Челябинск 1030 1142 111
20,Казань,1094000,1243500,2018,12,8,Российская СФСР,Казань,Казань 993 1094 110
21,Пермь,1091000,1048005,2017,21,0,Российская СФСР,Пермь,Пермь 999 1091 109
22,Уфа,1082000,1115560,2017,17,5,Российская СФСР,Уфа,Уфа 978 1082 111
23,Ростов-на-Дону,1019000,1125299,2017,16,7,Российская СФСР,Ростов-на-Дону,Ростов-на-Дону 934 1019 109
24,Волгоград,999000,1013000,2018,24,0,Российская СФСР,Волгоград,Волгоград 929 999 108
25,Рига,915106,641423,2017,40,-15,Латвийская ССР,Рига,Рига . 835 915 110
26,Саратов,902000,845000,2018,32,-6,Российская СФСР,Саратов,Саратов 856 905 106
27,Запорожье,883909,748984,2017,36,-9,Украинская ССР,Запорожье,Запорожье 781 884 113
28,Воронеж,882000,1048000,2018,22,6,Российская СФСР,Воронеж,Воронеж 783 887 113
29,Красноярск,869000,1091000,2018,18,11,Российская СФСР,Красноярск,Красноярск 796 913 115
30,Львов,790908,727968,2017,37,-7,Украинская ССР,Львов,Львов 667 791 119
31,Кишинёв,722000,820500,2017,34,-3,Молдавская ССР,Кишинёв,Кишинев 503 667 133
32,Кривой Рог,713059,631647,2017,42,-10,Украинская ССР,Кривой Рог,Кривой Рог 650 713 1 1 0
33,Ижевск,635000,648000,2018,39,-6,Российская СФСР,Ижевск,Ижевск 549 635 116
34,Владивосток,631000,605000,2018,47,-13,Российская СФСР,Владивосток,Владивосток 550 634 115
35,Тольятти,629000,708000,2018,38,-3,Российская СФСР,Тольятти,Тольятти 502 631 126
36,Ярославль,629000,609000,2018,46,-10,Российская СФСР,Ярославль,Ярославль 597 633 106
37,Ульяновск,624000,627000,2018,43,-6,Российская СФСР,Ульяновск,Ульяновск 464 625 135
38,Краснодар,619000,900000,2018,31,7,Российская СФСР,Краснодар,Краснодар 560 621 111
39,Караганда,613797,501129,2017,63,-24,Казахская ССР,Караганда,Караганда 572 614 107 '
40,Фрунзе,611000,995900,2017,27,13,Киргизская ССР,Бишкек,Фрунзе 533 616 116
41,Барнаул,599000,633000,2018,41,0,Российская СФСР,Барнаул,Барнаул 535 602 112
42,Хабаровск,598000,618000,2018,45,-3,Российская СФСР,Хабаровск,Хабаровск 528 601 114
43,Душанбе,595820,820600,2017,33,10,Таджикская ССР,Душанбе,Душанбе 494 596 121
44,Новокузнецк,583000,554000,2018,53,-9,Российская СФСР,Новокузнецк,Новокузнецк 541 600 111
45,Вильнюс,576747,546287,2017,54,-9,Литовская ССР,Вильнюс,Вильнюс 481 583 121
46,Иркутск,573000,624000,2018,44,2,Российская СФСР,Иркутск,Иркутск 550 626 114
47,Тула,540000,485000,2017,66,-19,Российская СФСР,Тула,Тула 514 540 105
48,Пенза,522000,524000,2018,60,-12,Российская СФСР,Пенза,Пенза 483 543 112
49,Мариуполь,518933,449498,2017,68,-19,Украинская ССР,Мариуполь,Мариуполь 503 519 103
50,Оренбург,517000,564000,2018,51,-1,Российская СФСР,Оренбург,Оренбург 458 547 119
51,Рязань,512000,539000,2018,55,-4,Российская СФСР,Рязань,Рязань 453 515 114
52,Кемерово,509000,559000,2018,52,0,Российская СФСР,Кемерово,Кемерово 462 520 113
53,Николаев,502776,487996,2016,65,-12,Украинская ССР,Николаев,Николаев 440 503 114
54,Набережные Челны,500000,532000,2018,58,-4,Российская СФСР,Набережные Челны,Набережные Челны 301 500 166
55,Гомель,497500,535693,2018,56,-1,Белорусская ССР,Гомель,Гомель 383 501 131
56,Луганск,496813,433607,2017,73,-17,Украинская ССР,Луганск,Луцк 141 198 140
57,Иваново,481000,406000,2018,80,-23,Российская СФСР,Иваново,Ивано-Франковск 150 214 143
58,Таллин,478974,448052,2017,70,-12,Эстонская ССР,Таллин,Таллинн 430 482 112
59,Астрахань,478000,533000,2018,57,2,Российская СФСР,Астрахань,Астрахань 461 509 110
60,Тюмень,476000,768000,2018,35,25,Российская СФСР,Тюмень,Тюмень 359 477 133
61,Томск,473000,574000,2018,50,11,Российская СФСР,Томск,Томск 421 502 119
62,Мурманск,468000,295000,2018,117,-55,Российская СФСР,Мурманск,Мурманск 381 468 123
63,Брянск,452000,406000,2018,80,-17,Российская СФСР,Брянск,Брянск 394 452 115
64,Калинин,451000,420000,2018,77,-13,Российская СФСР,Тверь,Калинин 412 451 110
65,Липецк,450000,510000,2018,61,4,Российская СФСР,Липецк,Липецк
66,Киров,440000,507000,2018,62,4,Российская СФСР,Киров,Киров 390 440 113
67,Магнитогорск,440000,417000,2018,79,-12,Российская СФСР,Магнитогорск,Магнитогорск 406 440 108
68,Нижний Тагил,440000,354000,2018,92,-24,Российская СФСР,Нижний Тагил,Нижний Тагил 398 440 110
69,Макеевка,430201,377829,2017,86,-17,Украинская ССР,Макеевка,Макеевка 436 430 99
70,Курск,424000,449000,2018,69,1,Российская СФСР,Курск,Курск 375 424 113
71,Чебоксары,420000,492000,2018,64,7,Российская СФСР,Чебоксары,Чебоксары 308 420 136
72,Каунас,418087,290068,2017,121,-49,Литовская ССР,Каунас,Каунас 370 423 114
73,Архангельск,416000,350000,2018,93,-20,Российская СФСР,Архангельск,Архангельск 385 416 108
74,Ашгабат,407000,912200,2016,30,44,Туркменская ССР,Ашхабад,Ашхабад 312 401 129
75,Калининград,401000,475000,2018,67,8,Российская СФСР,Калининград,Калининград 355 401 113
76,Грозный,400000,292000,2017,120,-44,Российская СФСР,Грозный,Грозный 375 400 106
77,Чимкент,380091,961279,2018,28,49,Казахская ССР,Шымкент,Чимкент 322 393 122
78,Винница,374304,372672,2017,87,-9,Украинская ССР,Винница,Винница 314 374 119
79,Самарканд,367031,529900,2018,59,20,Узбекская ССР,Самарканд,Самарканд 346' • 367 106
80,Чита,366000,349000,2018,94,-14,Российская СФСР,Чита,Чита 303 366 121
81,Могилёв,356900,381353,2018,84,-3,Белорусская ССР,Могилёв,Могилев 290 359 124
82,Курган,356000,318000,2018,108,-26,Российская СФСР,Курган,Курган 310 356 115
83,Севастополь,356000,437000,2018,71,12,Украинская ССР,Севастополь,Севастополь 301 356 118
84,Херсон,355379,293299,2017,119,-35,Украинская ССР,Херсон,Херсон 319 355 111
85,Улан-Удэ,353000,435000,2018,72,13,Российская СФСР,Улан-Удэ,Улан-Удэ 300 353 117
86,Владимир,350000,356000,2017,91,-5,Российская СФСР,Владимир,Владимир 296 350 118
87,Витебск,347400,377960,2018,85,2,Белорусская ССР,Витебск,Витебск 297 350 118
88,Симферополь,344000,342000,2018,97,-9,Украинская ССР,Симферополь,Симферополь 302 344 114
89,Смоленск,341000,330000,2018,103,-14,Российская СФСР,Смоленск,Смоленск 299 341 114
90,Горловка,338106,264505,2017,139,-49,Украинская ССР,Горловка,"Горловка 336 338 100,5"
91,Орёл,337000,319000,2017,106,-15,Российская СФСР,Орёл,Орел 305 337 н о
92,Сочи,337000,424000,2018,76,16,Российская СФСР,Сочи,Сочи 287 337 117
93,Семипалатинск,334112,347200,2018,96,-3,Казахская ССР,Семей,Серов 101 104 103
94,Павлодар,329681,334906,2018,102,-8,Казахская ССР,Павлодар,Павлодар 273 331 121
95,Усть-Каменогорск,322221,341064,2018,98,-3,Казахская ССР,Усть-Каменогорск,Усть-Каменогорск 274 324 118
96,Ставрополь,318000,433577,2017,74,22,Российская СФСР,Ставрополь,Ставрополь 258 318 123
97,Комсомольск-на-Амуре,315000,248000,2018,144,-47,Российская СФСР,Комсомольск-на-Амуре,Комсомольск-на-Амуре 264 315 119
98,Полтава,314740,289544,2018,123,-25,Украинская ССР,Полтава,Полтава 279 315 113
99,Саранск,312000,315000,2017,109,-10,Российская СФСР,Саранск,Саранск •263 312 119
100,Калуга,311000,341000,2018,99,1,Российская СФСР,Калуга,Калуга
101,Череповец,310000,319000,2017,106,-5,Российская СФСР,Череповец,Череповец 266 310 117
102,Наманган,305585,597400,2017,48,54,Узбекская ССР,Наманган,Наманган 227 306 135
103,Тамбов,305000,294000,2018,118,-15,Российская СФСР,Тамбов,Тамбов 270 305 113
104,Джамбул,303961,356461,2018,90,14,Казахская ССР,Тараз,Джамбул 264 307 116
105,Махачкала,302000,596000,2018,49,56,Российская СФСР,Махачкала,Махачкала 251 317 126
106,Белгород,300000,392000,2018,82,24,Российская СФСР,Белгород,Белгород 240 300 125
107,Орджоникидзе,300000,306000,2018,113,-6,Российская СФСР,Владикавказ,Орджоникидзе (Северо-Осетинская АССР) 279 300 108
108,Чернигов,296347,289689,2017,122,-14,Украинская ССР,Чернигов,Чернигов 238 296 124
109,Андижан,293227,425500,2017,75,34,Узбекская ССР,Андижан,Андижан 230 293 128
110,Житомир,292097,267038,2017,134,-24,Украинская ССР,Житомир,Житомир 244 292 120
111,Таганрог,292000,250000,2017,143,-32,Российская СФСР,Таганрог,Таганрог 276 292 105
112,Сумы,291264,267124,2017,133,-21,Украинская ССР,Сумы,Сумы 228 291 128
113,Черкассы,290340,281549,2017,124,-11,Украинская ССР,Черкассы,Черкассы 228 290 127
114,Дзержинск,285000,236000,2018,152,-38,Российская СФСР,Дзержинск,Дзержинск (Горьковская область) 257 285 111
115,Вологда,282000,313000,2017,110,5,Российская СФСР,Вологда,Вологда 237 283 120
116,Днепродзержинск,281925,237244,2017,151,-35,Украинская ССР,Каменское,Днепродзержинск 250 282 113
117,Гянджа,278000,330000,2015,103,14,Азербайджанская ССР,Гянджа,Гянджа 232 278 120
118,Кострома,278000,277000,2018,127,-9,Российская СФСР,Кострома,Кострома 255 278 109
119,Целиноград,277365,1035537,2018,23,96,Казахская ССР,Астана,Целиноград 232 277 120
120,Прокопьевск,274000,194000,2018,179,-59,Российская СФСР,Прокопьевск,Прокопьевск 266 274 103
121,Орск,271000,229000,2018,158,-37,Российская СФСР,Орск,Орск 246 271 110
122,Кировоград,269803,229632,2017,157,-35,Украинская ССР,Кропивницкий,Кировоград 237 270 114
123,Гродно,269800,370919,2018,88,35,Белорусская ССР,Гродно,Гродно 195 271 139
124,Волжский,269000,326000,2018,105,19,Российская СФСР,Волжский,Волжский 209 269 129
125,Петрозаводск,269000,279000,2018,126,-1,Российская СФСР,Петрозаводск,Петрозаводск 234 269 115
126,Петропавловск-Камчатский,269000,180000,2017,187,-61,Российская СФСР,Петропавловск-Камчатский,Петропавловск-Кймчатсмш 215 269 125
127,Ангарск,265000,226000,2018,160,-33,Российская СФСР,Ангарск,Ангарск 239 266 111
128,Черновцы,256644,265064,2017,138,-10,Украинская ССР,Черновцы,Черновцы 219 257 117
129,Братск,256000,229000,2018,158,-29,Российская СФСР,Братск,Братск 214 256 120
130,Брест,256000,347576,2018,95,35,Белорусская ССР,Брест,Брест 177 258 146
131,Актюбинск,253532,417471,2017,78,53,Казахская ССР,Актобе,Актюбинск 191 254 133
132,Рыбинск,251000,189000,2018,182,-50,Российская СФСР,Рыбинск,Рыбинск 239 251 105
133,Северодвинск,249000,183000,2018,185,-52,Российская СФСР,Северодвинск,Северодвинск 197 249 126
134,Сургут,248000,369000,2018,89,45,Российская СФСР,Сургут,Сургут 107 248 231
135,Стерлитамак,247000,280000,2018,125,10,Российская СФСР,Стерлитамак,Стерлитамак 220 247 112
136,Йошкар-Ола,242000,267000,2017,135,1,Российская СФСР,Йошкар-Ола,Йошкар-Ола 201 242 120
137,Нижневартовск,241000,275000,2017,129,8,Российская СФСР,Нижневартовск,Нижневартовск 109 241 2 2 2
138,Петропавловск,239606,216406,2017,170,-32,Казахская ССР,Петропавловск,Петропавловск 207 241 117
139,Хмельницкий,236938,268533,2018,132,7,Украинская ССР,Хмельницкий,Хмельницкий 172 237 138
140,Кременчуг,236495,220086,2018,166,-26,Украинская ССР,Кременчуг,Кременчуг 210 236 113
141,Нальчик,235000,239000,2018,149,-8,Российская СФСР,Нальчик,Нальчик 207 235 113
142,Кутаиси,234870,147900,2015,211,-69,Грузинская ССР,Кутаиси,Кутаиси 194 235 121
143,Бийск,233000,202000,2018,177,-34,Российская СФСР,Бийск,Бийск 212 233 110
144,Сыктывкар,232000,245000,2018,146,-2,Российская СФСР,Сыктывкар,Сыктывкар 183 232 127
145,Сумгаит,231000,336200,2015,101,44,Азербайджанская ССР,Сумгаит,Сумгаит 190 231 122
146,Новгород,229000,223000,2018,164,-18,Российская СФСР,Великий Новгород,Новгород 186 229 123
147,Ровно,227925,247356,2017,145,2,Украинская ССР,Ровно,Ровно 179 228 127
148,Шахты,226000,235000,2017,154,-6,Российская СФСР,Шахты,Шахты 209 226 108
149,Бухара,223934,272500,2015,131,18,Узбекская ССР,Бухара,Бухара 185 224 121
150,Кустанай,223558,239652,2018,148,2,Казахская ССР,Костанай,Кустанай 165 225 137
151,Бобруйск,220900,217546,2018,167,-16,Белорусская ССР,Бобруйск,Бобруйск 192 221 115
152,Ивано-Франковск,214021,233360,2017,156,-4,Украинская ССР,Ивано-Франковск,Иваново 465 481 104
153,Темиртау,213551,296523,2017,116,37,Казахская ССР,Темиртау,"Темиртау 213 212 99,7"
154,Ош,213000,267000,2017,135,19,Киргизская ССР,Ош,Ош 169 213 126
155,Подольск,209000,303000,2018,114,41,Российская СФСР,Подольск,Подольск 202 209 104
156,Златоуст,208000,167000,2018,197,-41,Российская СФСР,Златоуст,Златоуст 198 208 105
157,Каменск-Уральский,208000,169000,2018,195,-38,Российская СФСР,Каменск-Уральский,Каменск-Уральский 187 208 111
158,Благовещенск,206000,225000,2018,162,-4,Российская СФСР,Благовещенск,Благовещенск (Амурская область) 172 206 120
159,Тернополь,204845,217171,2018,168,-9,Украинская ССР,Тернополь,Тернополь 144 205 143
160,Псков,204000,211000,2018,174,-14,Российская СФСР,Псков,Псков 176 204 116
161,Клайпеда,202929,164310,2018,198,-37,Литовская ССР,Клайпеда,Клайпеда 176 204 116
162,Березники,201000,143000,2018,218,-56,Украинская ССР,Березники,Березники 185 201 109
163,Фергана,200373,340600,2014,100,63,Узбекская ССР,Фергана,Фергана 176 200 114
164,Уральск,199522,300128,2017,115,49,Казахская ССР,Уральск,Уральск 167 200 120
165,Краматорск,198094,157627,2017,202,-37,Украинская ССР,Краматорск,Краматорск 178 198 111
166,Луцк,197724,217033,2017,169,-3,Украинская ССР,Луцк,Луганск 463 497 107
167,Балаково,197000,190000,2018,180,-13,Украинская ССР,Балаково,Балаково 152 197 130
168,Белая Церковь,196878,206441,2017,175,-7,Украинская ССР,Белая Церковь,Белая Церковь 151 197 130
169,Нижнекамск,191000,238000,2018,150,19,Российская СФСР,Нижнекамск,Нижнекамск 134 191 142
170,Новочеркасск,188000,169000,2017,195,-25,Российская СФСР,Новочеркасск,Новочеркасск 183 188 103
171,Якутск,187000,312000,2018,111,60,Российская СФСР,Якутск,Якутск 152 187 122
172,Новороссийск,186000,273000,2018,130,42,Российская СФСР,Новороссийск,Новороссийск 159 186 117
173,Коканд,182073,233500,2016,155,18,Узбекская ССР,Коканд,Коканд 153 182 119
174,Тирасполь,182000,128807,2015,227,-53,Молдавская ССР,Тирасполь,Тирасполь 139 182 131
175,Энгельс,181000,226000,2017,160,15,Российская СФСР,Энгельс,Энгельс 161 181 112
176,Волгодонск,176000,171000,2017,193,-17,Российская СФСР,Волгодонск,Волгодонск 91 176 192
177,Норильск,175000,181000,2018,186,-9,Российская СФСР,Норильск,Норильск 180 175 97
178,Керчь,174000,151000,2018,208,-30,Украинская ССР,Керчь,Керчь 157 174 111
179,Старый Оскол,174000,224000,2018,163,16,Российская СФСР,Старый Оскол,Старый Оскол 115 174 151
180,Сызрань,174000,173000,2017,190,-10,Российская СФСР,Сызрань,Сызрань 166 174 105
181,Мелитополь,173385,153773,2018,205,-24,Украинская ССР,Мелитополь,Мелитополь 161 173 108
182,Рубцовск,172000,144000,2018,216,-34,Российская СФСР,Рубцовск,Рубцовск 157 172 109
183,Нукус,170362,307400,2017,112,71,Узбекская ССР,Нукус,Нукус 109 170 156
184,Миасс,168000,152000,2018,206,-22,Российская СФСР,Миасс,Миасс 150 168 112
185,Ленинск-Кузнецкий,165000,96921,2017,273,-88,Российская СФСР,Ленинск-Кузнецкий,Ленинск-Кузнецкий 158 165 105
186,Люберцы,165000,203000,2018,176,10,Российская СФСР,Люберцы,Люберцы 154 165 107
187,Армавир,161000,190000,2018,180,7,Российская СФСР,Армавир,"Армавир 162 161 99,7"
188,Коломна,161000,143000,2018,218,-30,Российская СФСР,Коломна,Коломна 147 162 110
189,Ленинабад,160458,389400,2016,83,106,Таджикская ССР,Худжанд,Ленинабад 130 160 123
190,Ковров,160000,139000,2017,222,-32,Российская СФСР,Ковров,Ковров 143 160 112
191,Находка,160000,149000,2018,210,-19,Российская СФСР,Находка,Находка . 133 160 120
192,Чарджоу,160000,120000,2017,237,-45,Туркменская ССР,Туркменабад,Чарджоу 140 161 115
193,Шевченко,159245,183350,2017,184,9,Казахская ССР,Актау,Шевченко 111 159 144
194,Бельцы,159000,146950,2017,212,-18,Молдавская ССР,Бельцы,Бельцы 125 159 127
195,Калининград (Московская область),159000,223000,2018,164,31,Российская СФСР,Королёв,Калининград (Московская область) 133 159 119
196,Южно-Сахалинск,159000,195000,2017,178,18,Российская СФСР,Южно-Сахалинск,Южно-Сахалинск 140 159 114
197,Рустави,158661,127800,2018,228,-31,Грузинская ССР,Рустави,Рустави 129 159 123
198,Барановичи,158400,179166,2018,188,10,Белорусская ССР,Барановичи,Барановичи 131 159 122
199,Зеленоград,158000,239861,2017,147,52,Российская СФСР,Зеленоград (Москва),Зеленоград 140 158 113
200,Никополь,157608,111940,2017,249,-49,Украинская ССР,Никополь,Никополь 146 158 108
201,Карши,157119,254600,2014,141,60,Узбекская ССР,Карши,Карши 108 157 145
202,Уссурийск,157000,172000,2018,192,10,Российская СФСР,Уссурийск,Уссурийск 147 158 108
203,Чирчик,156654,170395,2016,194,9,Узбекская ССР,Чирчик,Чирчик 132 157 119
204,Абакан,154000,184000,2018,183,21,Российская СФСР,Абакан,Абакан 128 154 120
205,Мытищи,154000,212000,2018,173,32,Российская СФСР,Мытищи,Мытищи 141 154 110
206,Магадан,152000,92782,2018,280,-74,Российская СФСР,Магадан,Магадан 121 152 125
207,Электросталь,152000,158000,2018,201,6,Российская СФСР,Электросталь,Электросталь 139 152 109
208,Кзыл-Орда,150425,265466,2017,137,71,Казахская ССР,Кызылорда,Кэыл-Орда 156 152 97
209,Салават,150000,152000,2018,206,3,Российская СФСР,Салават,Салават 137 150 109
210,Гурьев,149261,235175,2017,153,57,Казахская ССР,Атырау,Гурьев 131 149 114
211,Майкоп,148000,142000,2018,220,-9,Российская СФСР,Майкоп,Майкоп 128 149 116
212,Новомосковск,146000,126000,2017,230,-18,Российская СФСР,Новомосковск,"Новомосковск (Тульская область) 147 146 99,7"
213,Шяуляй,145629,107086,2018,255,-42,Литовская ССР,Шяуляй,Шяуляй 118 145 123
214,Серпухов,144000,126000,2018,230,-16,Российская СФСР,Серпухов,Серпухов 140 144 103
215,Борисов,142100,143051,2018,217,-2,Белорусская ССР,Борисов,Борисов 112 144 129
216,Первоуральск,142000,124000,2018,233,-17,Российская СФСР,Первоуральск,Первоуральск 129 142 110
217,Колпино,141000,145721,2018,215,2,Российская СФСР,Колпино (Санкт-Петербург),Колпино 114 141 124
218,Бендеры,138000,83800,2017,288,-70,Молдавская ССР,Бендеры,Бендеры 101 130 128
219,Орехово-Зуево,137000,119000,2018,238,-19,Российская СФСР,Орехово-Зуево,Орехово-Зуево 132 137 104
220,Батуми,136609,154600,2016,204,16,Грузинская ССР,Батуми,Батуми 123 137 111
221,Кокчетав,135424,145845,2016,214,7,Казахская ССР,Кокшетау,Кокчетав 103 137 133
222,Славянск,135300,114437,2016,245,-23,Украинская ССР,Славянск,Славянск 140 135 96
223,Экибастуз,135006,159760,2016,200,23,Казахская ССР,Экибастуз,Экибастуз 66 135 204
224,Балашиха,135000,261000,2015,140,84,Российская СФСР,Балашиха,Балашиха 118 136 115
225,Химки,133000,251000,2018,142,83,Российская СФСР,Химки,Химки 118 133 113
226,Бердянск,132644,113139,2017,248,-22,Российская СФСР,Бердянск,Бердянск 122 133 109
227,Ангрен,131970,175400,2014,189,38,Узбекская ССР,Ангрен,Ангрен 106 132 125
228,Павлоград,131414,106082,2018,260,-32,Российская СФСР,Павлоград,Павлоград 107 131 123
229,Северодонецк,131376,106188,2017,259,-30,Российская СФСР,Северодонецк,Северодонеик 113 131 116
230,Альметьевск,129000,156000,2018,203,27,Российская СФСР,Альметьевск,Альметьевск 110 129 118
231,Пятигорск,129000,146000,2018,213,18,Российская СФСР,Пятигорск,Пятигорск 110 129 118
232,Киселёвск,128000,90980,2017,282,-50,Российская СФСР,Киселёвск,Киселевск 122 128 105
233,Даугавпилс,126680,94196,2017,276,-43,Латвийская ССР,Даугавпилс,Даугавпилс 116 127 109
234,Лисичанск,126503,99889,2017,268,-34,Украинская ССР,Лисичанск,Лисичанск 119 127 106
235,Паневежис,126500,89661,2017,285,-50,Литовская ССР,Паневежис,Паневежис 102 126 125
236,Ургенч,126380,150110,2015,209,27,Узбекская ССР,Ургенч,Ургенч 100 126 126
237,Коммунарск,125502,106354,2017,258,-21,Украинская ССР,Алчевск,Коммунарск 120 126 105
238,Рудный,125245,129242,2017,226,12,Казахская ССР,Рудный,Рудный н о 124 113
239,Одинцово,125000,141000,2018,221,18,Российская СФСР,Одинцово,Одинцово 101 125 123
240,Маргилан,124847,215400,2014,172,68,Узбекская ССР,Маргилан,Маргилан 110 125 113
241,Димитровград,124000,115000,2018,243,-2,Российская СФСР,Димитровград,Димитровград 106 124 117
242,Муром,124000,110000,2017,252,-10,Российская СФСР,Муром,Муром 114 124 109
243,Ногинск,123000,103000,2018,264,-21,Российская СФСР,Ногинск,Ногинск 119 123 104
244,Ленинакан,122587,118600,2015,240,4,Армянская ССР,Гюмри,Ленинакан 207 123 59
245,Ачинск,122000,106000,2018,261,-16,Российская СФСР,Ачинск,Ачинск 117 122 104
246,Камышин,122000,111000,2018,251,-5,Российская СФСР,Камышин,Камышин 112 122 110
247,Орша,121700,115052,2018,242,5,Белорусская ССР,Орша,Орша 112 123 110
248,Невинномысск,121000,117000,2018,241,7,Российская СФСР,Невинномысск,Невиниомысск 104 121 117
249,Сухуми,121000,64441,2015,295,-46,Грузинская ССР,Сухум,Сухуми 114 121 106
250,Енакиево,120332,123884,2017,234,16,Украинская ССР,Енакиево,Енакиево 114 120 105
251,Елец,120000,104000,2018,262,-11,Российская СФСР,Елец,Елец 112 120 108
252,Талды-Курган,118623,173000,2018,190,62,Казахская ССР,Талдыкорган,Талды-Курган 88 119 135
253,Пинск,118300,137961,2018,224,29,Белорусская ССР,Пинск,Пинск 90 119 132
254,Ужгород,117061,113888,2017,247,7,Украинская ССР,Ужгород,Ужгород 91 117 129
255,Воркута,116000,58133,2017,296,-41,Российская СФСР,Воркута,Воркута 100 116 115
256,Загорск,115000,103000,2018,264,-8,Российская СФСР,Сергиев Посад,Загорск 107 115 107
257,Новочебоксарск,115000,127000,2018,229,28,Российская СФСР,Новочебоксарск,Новочебоксарск 85 115 135
258,Лиепая,114462,69443,2017,294,-36,Латвийская ССР,Лиепая,Лиепая 108 114 106
259,Алмалык,114331,121100,2014,236,23,Узбекская ССР,Алмалык,Алмалык 101 114 113
260,Великие Луки,114000,91435,2018,281,-21,Российская СФСР,Великие Луки,Великие Луки 102 114 112
261,Кисловодск,114000,130000,2018,225,36,Российская СФСР,Кисловодск,Кисловодск 101 114 113
262,Тарту,113420,93124,2017,279,-17,Эстонская ССР,Тарту,Тарту 105 114 109
263,Красный Луч,113278,118713,2017,239,24,Украинская ССР,Красный Луч,Красный Луч 106 113 107
264,Новокуйбышевск,113000,103000,2018,264,0,Российская СФСР,Новокуйбышевск,Новокуйбышевск 109 113 104
265,Черкесск,113000,122000,2018,235,30,Российская СФСР,Черкесск,Черкесск 91 113 124
266,Стаханов,112023,88101,2017,286,-20,Украинская ССР,Кадиевка,Стаханов 108 112 104
267,Ташауз,111000,275278,2012,128,139,Туркменская ССР,Дашогуз,Ташауз 84 111 133
268,Ухта,111000,97806,2017,272,-4,Российская СФСР,Ухта,Ухта 87 111 126
269,Канск,110000,90231,2017,284,-15,Российская СФСР,Канск,Канск 101 110 109
270,Сарапул,110000,97910,2017,270,0,Российская СФСР,Сарапул,Сарапул 107 110 103
271,Северск,110000,107000,2018,256,15,Российская СФСР,Северск,Семипалатинск 283 334 118
272,Соликамск,110000,94628,2017,275,-3,Российская СФСР,Соликамск,Соликамск 101 110 109
273,Арзамас,109000,104000,2018,262,11,Российская СФСР,Арзамас,Арзамас 93 109 117
274,Мичуринск,109000,93690,2017,277,-3,Российская СФСР,Мичуринск,Мичуринск 101 109 108
275,Усть-Илимск,109000,82455,2017,289,-14,Российская СФСР,Усть-Илимск,Усть- Илимск 69 109 159
276,Щёлково,109000,126000,2018,230,46,Российская СФСР,Щёлково,Щелково 100 109 109
277,Анжеро-Судженск,108000,71787,2017,293,-16,Российская СФСР,Анжеро-Судженск,Анжеро-Судженск 105 108 103
278,Евпатория,108000,107000,2018,256,22,Украинская ССР,Евпатория,Евпатория 93 108 116
279,Новошахтинск,108000,109000,2017,253,26,Российская СФСР,Новошахтинск,Новошахтинск 104 108 103
280,Константиновка,107562,72888,2017,292,-12,Украинская ССР,Константиновка,Константиновка 112 108 96
281,Навои,107115,215500,2017,171,110,Узбекская ССР,Навои,Навои 84 107 127
282,Джезказган,107053,90458,2016,283,-1,Казахская ССР,Жезказган,Джезказган 89 109 122
283,Междуреченск,107000,97895,2017,271,12,Российская СФСР,Междуреченск,Междуреченск 91 107 117
284,Нефтекамск,107000,139000,2018,222,62,Российская СФСР,Нефтекамск,Нефтекамск 70 107 153
285,Джизак,106087,160200,2013,199,86,Узбекская ССР,Джизак,Джизак 70 106 153
286,Новотроицк,106000,95139,2017,274,12,Российская СФСР,Новотроицк,Новотроицк 95 106 112
287,Усолье-Сибирское,106000,77989,2017,291,-4,Российская СФСР,Усолье-Сибирское,Усолье-Сибирское 103 106 104
288,Кинешма,105000,83871,2017,287,1,Российская СФСР,Кинешма,Кинешма 101 105 104
289,Октябрьский,105000,114000,2018,246,43,Российская СФСР,Октябрьский,Октябрьский 88 105 119
290,Воткинск,104000,98063,2017,269,21,Российская СФСР,Воткинск,Воткинск 90 104 115
291,Глазов,104000,93628,2017,278,13,Российская СФСР,Глазов,Глазов 81 104 128
292,Александрия,102611,82207,2017,290,2,Украинская ССР,Александрия,Александрия 82 103 125
293,Каменец-Подольский,102236,100406,2017,267,26,Украинская ССР,Каменец-Подольский,Каменец-Подольский 84 102 121
294,Жуковский,101000,108000,2018,254,40,Российская СФСР,Жуковский,Жуковский 90 101 111
295,Мозырь,101000,111733,2018,250,45,Белорусская ССР,Мозырь,Мозырь 73 100 136
296,Обнинск,100000,115000,2018,243,53,Российская СФСР,Обнинск,Обнинск 73 100 136